"code";"classe";"groupe";"division";"industry";"section";"label_fr"
"00.00Z";"00.00";"00.0";"00";"TOTAL";;"Toutes activités"
"01.11Z";"01.11";"01.1";"01";"A01";"A";"Culture de céréales (à l'exception du riz), de légumineuses et de graines oléagineuses"
"01.12Z";"01.12";"01.1";"01";"A01";"A";"Culture du riz"
"01.13Z";"01.13";"01.1";"01";"A01";"A";"Culture de légumes, de melons, de racines et de tubercules"
"01.14Z";"01.14";"01.1";"01";"A01";"A";"Culture de la canne à sucre"
"01.15Z";"01.15";"01.1";"01";"A01";"A";"Culture du tabac"
"01.16Z";"01.16";"01.1";"01";"A01";"A";"Culture de plantes à fibres"
"01.19Z";"01.19";"01.1";"01";"A01";"A";"Autres cultures non permanentes"
"01.21Z";"01.21";"01.2";"01";"A01";"A";"Culture de la vigne"
"01.22Z";"01.22";"01.2";"01";"A01";"A";"Culture de fruits tropicaux et subtropicaux"
"01.23Z";"01.23";"01.2";"01";"A01";"A";"Culture d'agrumes"
"01.24Z";"01.24";"01.2";"01";"A01";"A";"Culture de fruits à pépins et à noyau"
"01.25Z";"01.25";"01.2";"01";"A01";"A";"Culture d'autres fruits d'arbres ou d'arbustes et de fruits à coque"
"01.26Z";"01.26";"01.2";"01";"A01";"A";"Culture de fruits oléagineux"
"01.27Z";"01.27";"01.2";"01";"A01";"A";"Culture de plantes à boissons"
"01.28Z";"01.28";"01.2";"01";"A01";"A";"Culture de plantes à épices, aromatiques, médicinales et pharmaceutiques"
"01.29Z";"01.29";"01.2";"01";"A01";"A";"Autres cultures permanentes"
"01.30Z";"01.30";"01.3";"01";"A01";"A";"Reproduction de plantes"
"01.41Z";"01.41";"01.4";"01";"A01";"A";"Élevage de vaches laitières"
"01.42Z";"01.42";"01.4";"01";"A01";"A";"Élevage d'autres bovins et de buffles"
"01.43Z";"01.43";"01.4";"01";"A01";"A";"Élevage de chevaux et d'autres équidés"
"01.44Z";"01.44";"01.4";"01";"A01";"A";"Élevage de chameaux et d'autres camélidés"
"01.45Z";"01.45";"01.4";"01";"A01";"A";"Élevage d'ovins et de caprins"
"01.46Z";"01.46";"01.4";"01";"A01";"A";"Élevage de porcins"
"01.47Z";"01.47";"01.4";"01";"A01";"A";"Élevage de volailles"
"01.49Z";"01.49";"01.4";"01";"A01";"A";"Élevage d'autres animaux"
"01.50Z";"01.50";"01.5";"01";"A01";"A";"Culture et élevage associés"
"01.61Z";"01.61";"01.6";"01";"A01";"A";"Activités de soutien aux cultures"
"01.62Z";"01.62";"01.6";"01";"A01";"A";"Activités de soutien à la production animale"
"01.63Z";"01.63";"01.6";"01";"A01";"A";"Traitement primaire des récoltes"
"01.64Z";"01.64";"01.6";"01";"A01";"A";"Traitement des semences"
"01.70Z";"01.70";"01.7";"01";"A01";"A";"Chasse, piégeage et services annexes"
"02.10Z";"02.10";"02.1";"02";"A02";"A";"Sylviculture et autres activités forestières"
"02.20Z";"02.20";"02.2";"02";"A02";"A";"Exploitation forestière"
"02.30Z";"02.30";"02.3";"02";"A02";"A";"Récolte de produits forestiers non ligneux poussant à l'état sauvage"
"02.40Z";"02.40";"02.4";"02";"A02";"A";"Services de soutien à l'exploitation forestière"
"03.11Z";"03.11";"03.1";"03";"A03";"A";"Pêche en mer"
"03.12Z";"03.12";"03.1";"03";"A03";"A";"Pêche en eau douce"
"03.21Z";"03.21";"03.2";"03";"A03";"A";"Aquaculture en mer"
"03.22Z";"03.22";"03.2";"03";"A03";"A";"Aquaculture en eau douce"
"05.10Z";"05.10";"05.1";"05";"B";"B";"Extraction de houille"
"05.20Z";"05.20";"05.2";"05";"B";"B";"Extraction de lignite"
"06.10Z";"06.10";"06.1";"06";"B";"B";"Extraction de pétrole brut"
"06.20Z";"06.20";"06.2";"06";"B";"B";"Extraction de gaz naturel"
"07.10Z";"07.10";"07.1";"07";"B";"B";"Extraction de minerais de fer"
"07.21Z";"07.21";"07.2";"07";"B";"B";"Extraction de minerais d'uranium et de thorium"
"07.29Z";"07.29";"07.2";"07";"B";"B";"Extraction d'autres minerais de métaux non ferreux"
"08.11Z";"08.11";"08.1";"08";"B";"B";"Extraction de pierres ornementales et de construction, de calcaire industriel, de gypse, de craie et d'ardoise"
"08.12Z";"08.12";"08.1";"08";"B";"B";"Exploitation de gravières et sablières, extraction d'argiles et de kaolin"
"08.91Z";"08.91";"08.9";"08";"B";"B";"Extraction des minéraux chimiques et d'engrais minéraux"
"08.92Z";"08.92";"08.9";"08";"B";"B";"Extraction de tourbe"
"08.93Z";"08.93";"08.9";"08";"B";"B";"Production de sel"
"08.99Z";"08.99";"08.9";"08";"B";"B";"Autres activités extractives n.c.a."
"09.10Z";"09.10";"09.1";"09";"B";"B";"Activités de soutien à l'extraction d'hydrocarbures"
"09.90Z";"09.90";"09.9";"09";"B";"B";"Activités de soutien aux autres industries extractives"
"10.11Z";"10.11";"10.1";"10";"C10T12";"C";"Transformation et conservation de la viande de boucherie"
"10.12Z";"10.12";"10.1";"10";"C10T12";"C";"Transformation et conservation de la viande de volaille"
"10.13A";"10.13";"10.1";"10";"C10T12";"C";"Préparation industrielle de produits à base de viande"
"10.13B";"10.13";"10.1";"10";"C10T12";"C";"Charcuterie"
"10.20Z";"10.20";"10.2";"10";"C10T12";"C";"Transformation et conservation de poisson, de crustacés et de mollusques"
"10.31Z";"10.31";"10.3";"10";"C10T12";"C";"Transformation et conservation de pommes de terre"
"10.32Z";"10.32";"10.3";"10";"C10T12";"C";"Préparation de jus de fruits et légumes"
"10.39A";"10.39";"10.3";"10";"C10T12";"C";"Autre transformation et conservation de légumes"
"10.39B";"10.39";"10.3";"10";"C10T12";"C";"Transformation et conservation de fruits"
"10.41A";"10.41";"10.4";"10";"C10T12";"C";"Fabrication d'huiles et graisses brutes"
"10.41B";"10.41";"10.4";"10";"C10T12";"C";"Fabrication d'huiles et graisses raffinées"
"10.42Z";"10.42";"10.4";"10";"C10T12";"C";"Fabrication de margarine et graisses comestibles similaires"
"10.51A";"10.51";"10.5";"10";"C10T12";"C";"Fabrication de lait liquide et de produits frais"
"10.51B";"10.51";"10.5";"10";"C10T12";"C";"Fabrication de beurre"
"10.51C";"10.51";"10.5";"10";"C10T12";"C";"Fabrication de fromage"
"10.51D";"10.51";"10.5";"10";"C10T12";"C";"Fabrication d'autres produits laitiers"
"10.52Z";"10.52";"10.5";"10";"C10T12";"C";"Fabrication de glaces et sorbets"
"10.61A";"10.61";"10.6";"10";"C10T12";"C";"Meunerie"
"10.61B";"10.61";"10.6";"10";"C10T12";"C";"Autres activités du travail des grains"
"10.62Z";"10.62";"10.6";"10";"C10T12";"C";"Fabrication de produits amylacés"
"10.71A";"10.71";"10.7";"10";"C10T12";"C";"Fabrication industrielle de pain et de pâtisserie fraîche"
"10.71B";"10.71";"10.7";"10";"C10T12";"C";"Cuisson de produits de boulangerie"
"10.71C";"10.71";"10.7";"10";"C10T12";"C";"Boulangerie et boulangerie-pâtisserie"
"10.71D";"10.71";"10.7";"10";"C10T12";"C";"Pâtisserie"
"10.72Z";"10.72";"10.7";"10";"C10T12";"C";"Fabrication de biscuits, biscottes et pâtisseries de conservation"
"10.73Z";"10.73";"10.7";"10";"C10T12";"C";"Fabrication de pâtes alimentaires"
"10.81Z";"10.81";"10.8";"10";"C10T12";"C";"Fabrication de sucre"
"10.82Z";"10.82";"10.8";"10";"C10T12";"C";"Fabrication de cacao, chocolat et de produits de confiserie"
"10.83Z";"10.83";"10.8";"10";"C10T12";"C";"Transformation du thé et du café"
"10.84Z";"10.84";"10.8";"10";"C10T12";"C";"Fabrication de condiments et assaisonnements"
"10.85Z";"10.85";"10.8";"10";"C10T12";"C";"Fabrication de plats préparés"
"10.86Z";"10.86";"10.8";"10";"C10T12";"C";"Fabrication d'aliments homogénéisés et diététiques"
"10.89Z";"10.89";"10.8";"10";"C10T12";"C";"Fabrication d'autres produits alimentaires n.c.a."
"10.91Z";"10.91";"10.9";"10";"C10T12";"C";"Fabrication d'aliments pour animaux de ferme"
"10.92Z";"10.92";"10.9";"10";"C10T12";"C";"Fabrication d'aliments pour animaux de compagnie"
"11.01Z";"11.01";"11.0";"11";"C10T12";"C";"Production de boissons alcooliques distillées"
"11.02A";"11.02";"11.0";"11";"C10T12";"C";"Fabrication de vins effervescents"
"11.02B";"11.02";"11.0";"11";"C10T12";"C";"Vinification"
"11.03Z";"11.03";"11.0";"11";"C10T12";"C";"Fabrication de cidre et de vins de fruits"
"11.04Z";"11.04";"11.0";"11";"C10T12";"C";"Production d'autres boissons fermentées non distillées"
"11.05Z";"11.05";"11.0";"11";"C10T12";"C";"Fabrication de bière"
"11.06Z";"11.06";"11.0";"11";"C10T12";"C";"Fabrication de malt"
"11.07A";"11.07";"11.0";"11";"C10T12";"C";"Industrie des eaux de table"
"11.07B";"11.07";"11.0";"11";"C10T12";"C";"Production de boissons rafraîchissantes"
"12.00Z";"12.00";"12.0";"12";"C10T12";"C";"Fabrication de produits à base de tabac"
"13.10Z";"13.10";"13.1";"13";"C13T15";"C";"Préparation de fibres textiles et filature"
"13.20Z";"13.20";"13.2";"13";"C13T15";"C";"Tissage"
"13.30Z";"13.30";"13.3";"13";"C13T15";"C";"Ennoblissement textile"
"13.91Z";"13.91";"13.9";"13";"C13T15";"C";"Fabrication d'étoffes à mailles"
"13.92Z";"13.92";"13.9";"13";"C13T15";"C";"Fabrication d'articles textiles, sauf habillement"
"13.93Z";"13.93";"13.9";"13";"C13T15";"C";"Fabrication de tapis et moquettes"
"13.94Z";"13.94";"13.9";"13";"C13T15";"C";"Fabrication de ficelles, cordes et filets"
"13.95Z";"13.95";"13.9";"13";"C13T15";"C";"Fabrication de non-tissés, sauf habillement"
"13.96Z";"13.96";"13.9";"13";"C13T15";"C";"Fabrication d'autres textiles techniques et industriels"
"13.99Z";"13.99";"13.9";"13";"C13T15";"C";"Fabrication d'autres textiles n.c.a."
"14.11Z";"14.11";"14.1";"14";"C13T15";"C";"Fabrication de vêtements en cuir"
"14.12Z";"14.12";"14.1";"14";"C13T15";"C";"Fabrication de vêtements de travail"
"14.13Z";"14.13";"14.1";"14";"C13T15";"C";"Fabrication de vêtements de dessus"
"14.14Z";"14.14";"14.1";"14";"C13T15";"C";"Fabrication de vêtements de dessous"
"14.19Z";"14.19";"14.1";"14";"C13T15";"C";"Fabrication d'autres vêtements et accessoires"
"14.20Z";"14.20";"14.2";"14";"C13T15";"C";"Fabrication d'articles en fourrure"
"14.31Z";"14.31";"14.3";"14";"C13T15";"C";"Fabrication d'articles chaussants à mailles"
"14.39Z";"14.39";"14.3";"14";"C13T15";"C";"Fabrication d'autres articles à mailles"
"15.11Z";"15.11";"15.1";"15";"C13T15";"C";"Apprêt et tannage des cuirs ; préparation et teinture des fourrures"
"15.12Z";"15.12";"15.1";"15";"C13T15";"C";"Fabrication d'articles de voyage, de maroquinerie et de sellerie"
"15.20Z";"15.20";"15.2";"15";"C13T15";"C";"Fabrication de chaussures"
"16.10A";"16.10";"16.1";"16";"C16";"C";"Sciage et rabotage du bois, hors imprégnation"
"16.10B";"16.10";"16.1";"16";"C16";"C";"Imprégnation du bois"
"16.21Z";"16.21";"16.2";"16";"C16";"C";"Fabrication de placage et de panneaux de bois"
"16.22Z";"16.22";"16.2";"16";"C16";"C";"Fabrication de parquets assemblés"
"16.23Z";"16.23";"16.2";"16";"C16";"C";"Fabrication de charpentes et d'autres menuiseries"
"16.24Z";"16.24";"16.2";"16";"C16";"C";"Fabrication d'emballages en bois"
"16.29Z";"16.29";"16.2";"16";"C16";"C";"Fabrication d'objets divers en bois ; fabrication d'objets en liège, vannerie et sparterie"
"17.11Z";"17.11";"17.1";"17";"C17";"C";"Fabrication de pâte à papier"
"17.12Z";"17.12";"17.1";"17";"C17";"C";"Fabrication de papier et de carton"
"17.21A";"17.21";"17.2";"17";"C17";"C";"Fabrication de carton ondulé"
"17.21B";"17.21";"17.2";"17";"C17";"C";"Fabrication de cartonnages"
"17.21C";"17.21";"17.2";"17";"C17";"C";"Fabrication d'emballages en papier"
"17.22Z";"17.22";"17.2";"17";"C17";"C";"Fabrication d'articles en papier à usage sanitaire ou domestique"
"17.23Z";"17.23";"17.2";"17";"C17";"C";"Fabrication d'articles de papeterie"
"17.24Z";"17.24";"17.2";"17";"C17";"C";"Fabrication de papiers peints"
"17.29Z";"17.29";"17.2";"17";"C17";"C";"Fabrication d'autres articles en papier ou en carton"
"18.11Z";"18.11";"18.1";"18";"C18";"C";"Imprimerie de journaux"
"18.12Z";"18.12";"18.1";"18";"C18";"C";"Autre imprimerie (labeur)"
"18.13Z";"18.13";"18.1";"18";"C18";"C";"Activités de pré-presse"
"18.14Z";"18.14";"18.1";"18";"C18";"C";"Reliure et activités connexes"
"18.20Z";"18.20";"18.2";"18";"C18";"C";"Reproduction d'enregistrements"
"19.10Z";"19.10";"19.1";"19";"C19";"C";"Cokéfaction"
"19.20Z";"19.20";"19.2";"19";"C19";"C";"Raffinage du pétrole"
"20.11Z";"20.11";"20.1";"20";"C20";"C";"Fabrication de gaz industriels"
"20.12Z";"20.12";"20.1";"20";"C20";"C";"Fabrication de colorants et de pigments"
"20.13A";"20.13";"20.1";"20";"C20";"C";"Enrichissement et retraitement de matières nucléaires"
"20.13B";"20.13";"20.1";"20";"C20";"C";"Fabrication d'autres produits chimiques inorganiques de base n.c.a."
"20.14Z";"20.14";"20.1";"20";"C20";"C";"Fabrication d'autres produits chimiques organiques de base"
"20.15Z";"20.15";"20.1";"20";"C20";"C";"Fabrication de produits azotés et d'engrais"
"20.16Z";"20.16";"20.1";"20";"C20";"C";"Fabrication de matières plastiques de base"
"20.17Z";"20.17";"20.1";"20";"C20";"C";"Fabrication de caoutchouc synthétique"
"20.20Z";"20.20";"20.2";"20";"C20";"C";"Fabrication de pesticides et d'autres produits agrochimiques"
"20.30Z";"20.30";"20.3";"20";"C20";"C";"Fabrication de peintures, vernis, encres et mastics"
"20.41Z";"20.41";"20.4";"20";"C20";"C";"Fabrication de savons, détergents et produits d'entretien"
"20.42Z";"20.42";"20.4";"20";"C20";"C";"Fabrication de parfums et de produits pour la toilette"
"20.51Z";"20.51";"20.5";"20";"C20";"C";"Fabrication de produits explosifs"
"20.52Z";"20.52";"20.5";"20";"C20";"C";"Fabrication de colles"
"20.53Z";"20.53";"20.5";"20";"C20";"C";"Fabrication d'huiles essentielles"
"20.59Z";"20.59";"20.5";"20";"C20";"C";"Fabrication d'autres produits chimiques n.c.a."
"20.60Z";"20.60";"20.6";"20";"C20";"C";"Fabrication de fibres artificielles ou synthétiques"
"21.10Z";"21.10";"21.1";"21";"C21";"C";"Fabrication de produits pharmaceutiques de base"
"21.20Z";"21.20";"21.2";"21";"C21";"C";"Fabrication de préparations pharmaceutiques"
"22.11Z";"22.11";"22.1";"22";"C22";"C";"Fabrication et rechapage de pneumatiques"
"22.19Z";"22.19";"22.1";"22";"C22";"C";"Fabrication d'autres articles en caoutchouc"
"22.21Z";"22.21";"22.2";"22";"C22";"C";"Fabrication de plaques, feuilles, tubes et profilés en matières plastiques"
"22.22Z";"22.22";"22.2";"22";"C22";"C";"Fabrication d'emballages en matières plastiques"
"22.23Z";"22.23";"22.2";"22";"C22";"C";"Fabrication d'éléments en matières plastiques pour la construction"
"22.29A";"22.29";"22.2";"22";"C22";"C";"Fabrication de pièces techniques à base de matières plastiques"
"22.29B";"22.29";"22.2";"22";"C22";"C";"Fabrication de produits de consommation courante en matières plastiques"
"23.11Z";"23.11";"23.1";"23";"C23";"C";"Fabrication de verre plat"
"23.12Z";"23.12";"23.1";"23";"C23";"C";"Façonnage et transformation du verre plat"
"23.13Z";"23.13";"23.1";"23";"C23";"C";"Fabrication de verre creux"
"23.14Z";"23.14";"23.1";"23";"C23";"C";"Fabrication de fibres de verre"
"23.19Z";"23.19";"23.1";"23";"C23";"C";"Fabrication et façonnage d'autres articles en verre, y compris verre technique"
"23.20Z";"23.20";"23.2";"23";"C23";"C";"Fabrication de produits réfractaires"
"23.31Z";"23.31";"23.3";"23";"C23";"C";"Fabrication de carreaux en céramique"
"23.32Z";"23.32";"23.3";"23";"C23";"C";"Fabrication de briques, tuiles et produits de construction, en terre cuite"
"23.41Z";"23.41";"23.4";"23";"C23";"C";"Fabrication d'articles céramiques à usage domestique ou ornemental"
"23.42Z";"23.42";"23.4";"23";"C23";"C";"Fabrication d'appareils sanitaires en céramique"
"23.43Z";"23.43";"23.4";"23";"C23";"C";"Fabrication d'isolateurs et pièces isolantes en céramique"
"23.44Z";"23.44";"23.4";"23";"C23";"C";"Fabrication d'autres produits céramiques à usage technique"
"23.49Z";"23.49";"23.4";"23";"C23";"C";"Fabrication d'autres produits céramiques"
"23.51Z";"23.51";"23.5";"23";"C23";"C";"Fabrication de ciment"
"23.52Z";"23.52";"23.5";"23";"C23";"C";"Fabrication de chaux et plâtre"
"23.61Z";"23.61";"23.6";"23";"C23";"C";"Fabrication d'éléments en béton pour la construction"
"23.62Z";"23.62";"23.6";"23";"C23";"C";"Fabrication d'éléments en plâtre pour la construction"
"23.63Z";"23.63";"23.6";"23";"C23";"C";"Fabrication de béton prêt à l'emploi"
"23.64Z";"23.64";"23.6";"23";"C23";"C";"Fabrication de mortiers et bétons secs"
"23.65Z";"23.65";"23.6";"23";"C23";"C";"Fabrication d'ouvrages en fibre-ciment"
"23.69Z";"23.69";"23.6";"23";"C23";"C";"Fabrication d'autres ouvrages en béton, en ciment ou en plâtre"
"23.70Z";"23.70";"23.7";"23";"C23";"C";"Taille, façonnage et finissage de pierres"
"23.91Z";"23.91";"23.9";"23";"C23";"C";"Fabrication de produits abrasifs"
"23.99Z";"23.99";"23.9";"23";"C23";"C";"Fabrication d'autres produits minéraux non métalliques n.c.a."
"24.10Z";"24.10";"24.1";"24";"C24";"C";"Sidérurgie"
"24.20Z";"24.20";"24.2";"24";"C24";"C";"Fabrication de tubes, tuyaux, profilés creux et accessoires correspondants en acier"
"24.31Z";"24.31";"24.3";"24";"C24";"C";"Étirage à froid de barres"
"24.32Z";"24.32";"24.3";"24";"C24";"C";"Laminage à froid de feuillards"
"24.33Z";"24.33";"24.3";"24";"C24";"C";"Profilage à froid par formage ou pliage"
"24.34Z";"24.34";"24.3";"24";"C24";"C";"Tréfilage à froid"
"24.41Z";"24.41";"24.4";"24";"C24";"C";"Production de métaux précieux"
"24.42Z";"24.42";"24.4";"24";"C24";"C";"Métallurgie de l'aluminium"
"24.43Z";"24.43";"24.4";"24";"C24";"C";"Métallurgie du plomb, du zinc ou de l'étain"
"24.44Z";"24.44";"24.4";"24";"C24";"C";"Métallurgie du cuivre"
"24.45Z";"24.45";"24.4";"24";"C24";"C";"Métallurgie des autres métaux non ferreux"
"24.46Z";"24.46";"24.4";"24";"C24";"C";"Élaboration et transformation de matières nucléaires"
"24.51Z";"24.51";"24.5";"24";"C24";"C";"Fonderie de fonte"
"24.52Z";"24.52";"24.5";"24";"C24";"C";"Fonderie d'acier"
"24.53Z";"24.53";"24.5";"24";"C24";"C";"Fonderie de métaux légers"
"24.54Z";"24.54";"24.5";"24";"C24";"C";"Fonderie d'autres métaux non ferreux"
"25.11Z";"25.11";"25.1";"25";"C25";"C";"Fabrication de structures métalliques et de parties de structures"
"25.12Z";"25.12";"25.1";"25";"C25";"C";"Fabrication de portes et fenêtres en métal"
"25.21Z";"25.21";"25.2";"25";"C25";"C";"Fabrication de radiateurs et de chaudières pour le chauffage central"
"25.29Z";"25.29";"25.2";"25";"C25";"C";"Fabrication d'autres réservoirs, citernes et conteneurs métalliques"
"25.30Z";"25.30";"25.3";"25";"C25";"C";"Fabrication de générateurs de vapeur, à l'exception des chaudières pour le chauffage central"
"25.40Z";"25.40";"25.4";"25";"C25";"C";"Fabrication d'armes et de munitions"
"25.50A";"25.50";"25.5";"25";"C25";"C";"Forge, estampage, matriçage ; métallurgie des poudres"
"25.50B";"25.50";"25.5";"25";"C25";"C";"Découpage, emboutissage"
"25.61Z";"25.61";"25.6";"25";"C25";"C";"Traitement et revêtement des métaux"
"25.62A";"25.62";"25.6";"25";"C25";"C";"Décolletage"
"25.62B";"25.62";"25.6";"25";"C25";"C";"Mécanique industrielle"
"25.71Z";"25.71";"25.7";"25";"C25";"C";"Fabrication de coutellerie"
"25.72Z";"25.72";"25.7";"25";"C25";"C";"Fabrication de serrures et de ferrures"
"25.73A";"25.73";"25.7";"25";"C25";"C";"Fabrication de moules et modèles"
"25.73B";"25.73";"25.7";"25";"C25";"C";"Fabrication d'autres outillages"
"25.91Z";"25.91";"25.9";"25";"C25";"C";"Fabrication de fûts et emballages métalliques similaires"
"25.92Z";"25.92";"25.9";"25";"C25";"C";"Fabrication d'emballages métalliques légers"
"25.93Z";"25.93";"25.9";"25";"C25";"C";"Fabrication d'articles en fils métalliques, de chaînes et de ressorts"
"25.94Z";"25.94";"25.9";"25";"C25";"C";"Fabrication de vis et de boulons"
"25.99A";"25.99";"25.9";"25";"C25";"C";"Fabrication d'articles métalliques ménagers"
"25.99B";"25.99";"25.9";"25";"C25";"C";"Fabrication d'autres articles métalliques"
"26.11Z";"26.11";"26.1";"26";"C26";"C";"Fabrication de composants électroniques"
"26.12Z";"26.12";"26.1";"26";"C26";"C";"Fabrication de cartes électroniques assemblées"
"26.20Z";"26.20";"26.2";"26";"C26";"C";"Fabrication d'ordinateurs et d'équipements périphériques"
"26.30Z";"26.30";"26.3";"26";"C26";"C";"Fabrication d'équipements de communication"
"26.40Z";"26.40";"26.4";"26";"C26";"C";"Fabrication de produits électroniques grand public"
"26.51A";"26.51";"26.5";"26";"C26";"C";"Fabrication d'équipements d'aide à la navigation"
"26.51B";"26.51";"26.5";"26";"C26";"C";"Fabrication d'instrumentation scientifique et technique"
"26.52Z";"26.52";"26.5";"26";"C26";"C";"Horlogerie"
"26.60Z";"26.60";"26.6";"26";"C26";"C";"Fabrication d'équipements d'irradiation médicale, d'équipements électromédicaux et électrothérapeutiques"
"26.70Z";"26.70";"26.7";"26";"C26";"C";"Fabrication de matériels optique et photographique"
"26.80Z";"26.80";"26.8";"26";"C26";"C";"Fabrication de supports magnétiques et optiques"
"27.11Z";"27.11";"27.1";"27";"C27";"C";"Fabrication de moteurs, génératrices et transformateurs électriques"
"27.12Z";"27.12";"27.1";"27";"C27";"C";"Fabrication de matériel de distribution et de commande électrique"
"27.20Z";"27.20";"27.2";"27";"C27";"C";"Fabrication de piles et d'accumulateurs électriques"
"27.31Z";"27.31";"27.3";"27";"C27";"C";"Fabrication de câbles de fibres optiques"
"27.32Z";"27.32";"27.3";"27";"C27";"C";"Fabrication d'autres fils et câbles électroniques ou électriques"
"27.33Z";"27.33";"27.3";"27";"C27";"C";"Fabrication de matériel d'installation électrique"
"27.40Z";"27.40";"27.4";"27";"C27";"C";"Fabrication d'appareils d'éclairage électrique"
"27.51Z";"27.51";"27.5";"27";"C27";"C";"Fabrication d'appareils électroménagers"
"27.52Z";"27.52";"27.5";"27";"C27";"C";"Fabrication d'appareils ménagers non électriques"
"27.90Z";"27.90";"27.9";"27";"C27";"C";"Fabrication d'autres matériels électriques"
"28.11Z";"28.11";"28.1";"28";"C28";"C";"Fabrication de moteurs et turbines, à l'exception des moteurs d'avions et de véhicules"
"28.12Z";"28.12";"28.1";"28";"C28";"C";"Fabrication d'équipements hydrauliques et pneumatiques"
"28.13Z";"28.13";"28.1";"28";"C28";"C";"Fabrication d'autres pompes et compresseurs"
"28.14Z";"28.14";"28.1";"28";"C28";"C";"Fabrication d'autres articles de robinetterie"
"28.15Z";"28.15";"28.1";"28";"C28";"C";"Fabrication d'engrenages et d'organes mécaniques de transmission"
"28.21Z";"28.21";"28.2";"28";"C28";"C";"Fabrication de fours et brûleurs"
"28.22Z";"28.22";"28.2";"28";"C28";"C";"Fabrication de matériel de levage et de manutention"
"28.23Z";"28.23";"28.2";"28";"C28";"C";"Fabrication de machines et d'équipements de bureau (à l'exception des ordinateurs et équipements périphériques)"
"28.24Z";"28.24";"28.2";"28";"C28";"C";"Fabrication d'outillage portatif à moteur incorporé"
"28.25Z";"28.25";"28.2";"28";"C28";"C";"Fabrication d'équipements aérauliques et frigorifiques industriels"
"28.29A";"28.29";"28.2";"28";"C28";"C";"Fabrication d'équipements d'emballage, de conditionnement et de pesage"
"28.29B";"28.29";"28.2";"28";"C28";"C";"Fabrication d'autres machines d'usage général"
"28.30Z";"28.30";"28.3";"28";"C28";"C";"Fabrication de machines agricoles et forestières"
"28.41Z";"28.41";"28.4";"28";"C28";"C";"Fabrication de machines-outils pour le travail des métaux"
"28.49Z";"28.49";"28.4";"28";"C28";"C";"Fabrication d'autres machines-outils"
"28.91Z";"28.91";"28.9";"28";"C28";"C";"Fabrication de machines pour la métallurgie"
"28.92Z";"28.92";"28.9";"28";"C28";"C";"Fabrication de machines pour l'extraction ou la construction"
"28.93Z";"28.93";"28.9";"28";"C28";"C";"Fabrication de machines pour l'industrie agro-alimentaire"
"28.94Z";"28.94";"28.9";"28";"C28";"C";"Fabrication de machines pour les industries textiles"
"28.95Z";"28.95";"28.9";"28";"C28";"C";"Fabrication de machines pour les industries du papier et du carton"
"28.96Z";"28.96";"28.9";"28";"C28";"C";"Fabrication de machines pour le travail du caoutchouc ou des plastiques"
"28.99A";"28.99";"28.9";"28";"C28";"C";"Fabrication de machines d'imprimerie"
"28.99B";"28.99";"28.9";"28";"C28";"C";"Fabrication d'autres machines spécialisées"
"29.10Z";"29.10";"29.1";"29";"C29";"C";"Construction de véhicules automobiles"
"29.20Z";"29.20";"29.2";"29";"C29";"C";"Fabrication de carrosseries et remorques"
"29.31Z";"29.31";"29.3";"29";"C29";"C";"Fabrication d'équipements électriques et électroniques automobiles"
"29.32Z";"29.32";"29.3";"29";"C29";"C";"Fabrication d'autres équipements automobiles"
"30.11Z";"30.11";"30.1";"30";"C30";"C";"Construction de navires et de structures flottantes"
"30.12Z";"30.12";"30.1";"30";"C30";"C";"Construction de bateaux de plaisance"
"30.20Z";"30.20";"30.2";"30";"C30";"C";"Construction de locomotives et d'autre matériel ferroviaire roulant"
"30.30Z";"30.30";"30.3";"30";"C30";"C";"Construction aéronautique et spatiale"
"30.40Z";"30.40";"30.4";"30";"C30";"C";"Construction de véhicules militaires de combat"
"30.91Z";"30.91";"30.9";"30";"C30";"C";"Fabrication de motocycles"
"30.92Z";"30.92";"30.9";"30";"C30";"C";"Fabrication de bicyclettes et de véhicules pour invalides"
"30.99Z";"30.99";"30.9";"30";"C30";"C";"Fabrication d'autres équipements de transport n.c.a."
"31.01Z";"31.01";"31.0";"31";"C31_32";"C";"Fabrication de meubles de bureau et de magasin"
"31.02Z";"31.02";"31.0";"31";"C31_32";"C";"Fabrication de meubles de cuisine"
"31.03Z";"31.03";"31.0";"31";"C31_32";"C";"Fabrication de matelas"
"31.09A";"31.09";"31.0";"31";"C31_32";"C";"Fabrication de sièges d'ameublement d'intérieur"
"31.09B";"31.09";"31.0";"31";"C31_32";"C";"Fabrication d'autres meubles et industries connexes de l'ameublement"
"32.11Z";"32.11";"32.1";"32";"C31_32";"C";"Frappe de monnaie"
"32.12Z";"32.12";"32.1";"32";"C31_32";"C";"Fabrication d'articles de joaillerie et bijouterie"
"32.13Z";"32.13";"32.1";"32";"C31_32";"C";"Fabrication d'articles de bijouterie fantaisie et articles similaires"
"32.20Z";"32.20";"32.2";"32";"C31_32";"C";"Fabrication d'instruments de musique"
"32.30Z";"32.30";"32.3";"32";"C31_32";"C";"Fabrication d'articles de sport"
"32.40Z";"32.40";"32.4";"32";"C31_32";"C";"Fabrication de jeux et jouets"
"32.50A";"32.50";"32.5";"32";"C31_32";"C";"Fabrication de matériel médico-chirurgical et dentaire"
"32.50B";"32.50";"32.5";"32";"C31_32";"C";"Fabrication de lunettes"
"32.91Z";"32.91";"32.9";"32";"C31_32";"C";"Fabrication d'articles de brosserie"
"32.99Z";"32.99";"32.9";"32";"C31_32";"C";"Autres activités manufacturières n.c.a."
"33.11Z";"33.11";"33.1";"33";"C33";"C";"Réparation d'ouvrages en métaux"
"33.12Z";"33.12";"33.1";"33";"C33";"C";"Réparation de machines et équipements mécaniques"
"33.13Z";"33.13";"33.1";"33";"C33";"C";"Réparation de matériels électroniques et optiques"
"33.14Z";"33.14";"33.1";"33";"C33";"C";"Réparation d'équipements électriques"
"33.15Z";"33.15";"33.1";"33";"C33";"C";"Réparation et maintenance navale"
"33.16Z";"33.16";"33.1";"33";"C33";"C";"Réparation et maintenance d'aéronefs et d'engins spatiaux"
"33.17Z";"33.17";"33.1";"33";"C33";"C";"Réparation et maintenance d'autres équipements de transport"
"33.19Z";"33.19";"33.1";"33";"C33";"C";"Réparation d'autres équipements"
"33.20A";"33.20";"33.2";"33";"C33";"C";"Installation de structures métalliques, chaudronnées et de tuyauterie"
"33.20B";"33.20";"33.2";"33";"C33";"C";"Installation de machines et équipements mécaniques"
"33.20C";"33.20";"33.2";"33";"C33";"C";"Conception d'ensemble et assemblage sur site industriel d'équipements de contrôle des processus industriels"
"33.20D";"33.20";"33.2";"33";"C33";"C";"Installation d'équipements électriques, de matériels électroniques et optiques ou d'autres matériels"
"35.11Z";"35.11";"35.1";"35";"D35";"D";"Production d'électricité"
"35.12Z";"35.12";"35.1";"35";"D35";"D";"Transport d'électricité"
"35.13Z";"35.13";"35.1";"35";"D35";"D";"Distribution d'électricité"
"35.14Z";"35.14";"35.1";"35";"D35";"D";"Commerce d'électricité"
"35.21Z";"35.21";"35.2";"35";"D35";"D";"Production de combustibles gazeux"
"35.22Z";"35.22";"35.2";"35";"D35";"D";"Distribution de combustibles gazeux par conduites"
"35.23Z";"35.23";"35.2";"35";"D35";"D";"Commerce de combustibles gazeux par conduites"
"35.30Z";"35.30";"35.3";"35";"D35";"D";"Production et distribution de vapeur et d'air conditionné"
"36.00Z";"36.00";"36.0";"36";"E36";"E";"Captage, traitement et distribution d'eau"
"37.00Z";"37.00";"37.0";"37";"E37T39";"E";"Collecte et traitement des eaux usées"
"38.11Z";"38.11";"38.1";"38";"E37T39";"E";"Collecte des déchets non dangereux"
"38.12Z";"38.12";"38.1";"38";"E37T39";"E";"Collecte des déchets dangereux"
"38.21Z";"38.21";"38.2";"38";"E37T39";"E";"Traitement et élimination des déchets non dangereux"
"38.22Z";"38.22";"38.2";"38";"E37T39";"E";"Traitement et élimination des déchets dangereux"
"38.31Z";"38.31";"38.3";"38";"E37T39";"E";"Démantèlement d'épaves"
"38.32Z";"38.32";"38.3";"38";"E37T39";"E";"Récupération de déchets triés"
"39.00Z";"39.00";"39.0";"39";"E37T39";"E";"Dépollution et autres services de gestion des déchets"
"41.10A";"41.10";"41.1";"41";"F";"F";"Promotion immobilière de logements"
"41.10B";"41.10";"41.1";"41";"F";"F";"Promotion immobilière de bureaux"
"41.10C";"41.10";"41.1";"41";"F";"F";"Promotion immobilière d'autres bâtiments"
"41.10D";"41.10";"41.1";"41";"F";"F";"Supports juridiques de programmes"
"41.20A";"41.20";"41.2";"41";"F";"F";"Construction de maisons individuelles"
"41.20B";"41.20";"41.2";"41";"F";"F";"Construction d'autres bâtiments"
"42.11Z";"42.11";"42.1";"42";"F";"F";"Construction de routes et autoroutes"
"42.12Z";"42.12";"42.1";"42";"F";"F";"Construction de voies ferrées de surface et souterraines"
"42.13A";"42.13";"42.1";"42";"F";"F";"Construction d'ouvrages d'art"
"42.13B";"42.13";"42.1";"42";"F";"F";"Construction et entretien de tunnels"
"42.21Z";"42.21";"42.2";"42";"F";"F";"Construction de réseaux pour fluides"
"42.22Z";"42.22";"42.2";"42";"F";"F";"Construction de réseaux électriques et de télécommunications"
"42.91Z";"42.91";"42.9";"42";"F";"F";"Construction d'ouvrages maritimes et fluviaux"
"42.99Z";"42.99";"42.9";"42";"F";"F";"Construction d'autres ouvrages de génie civil n.c.a."
"43.11Z";"43.11";"43.1";"43";"F";"F";"Travaux de démolition"
"43.12A";"43.12";"43.1";"43";"F";"F";"Travaux de terrassement courants et travaux préparatoires"
"43.12B";"43.12";"43.1";"43";"F";"F";"Travaux de terrassement spécialisés ou de grande masse"
"43.13Z";"43.13";"43.1";"43";"F";"F";"Forages et sondages"
"43.21A";"43.21";"43.2";"43";"F";"F";"Travaux d'installation électrique dans tous locaux"
"43.21B";"43.21";"43.2";"43";"F";"F";"Travaux d'installation électrique sur la voie publique"
"43.22A";"43.22";"43.2";"43";"F";"F";"Travaux d'installation d'eau et de gaz en tous locaux"
"43.22B";"43.22";"43.2";"43";"F";"F";"Travaux d'installation d'équipements thermiques et de climatisation"
"43.29A";"43.29";"43.2";"43";"F";"F";"Travaux d'isolation"
"43.29B";"43.29";"43.2";"43";"F";"F";"Autres travaux d'installation n.c.a."
"43.31Z";"43.31";"43.3";"43";"F";"F";"Travaux de plâtrerie"
"43.32A";"43.32";"43.3";"43";"F";"F";"Travaux de menuiserie bois et PVC"
"43.32B";"43.32";"43.3";"43";"F";"F";"Travaux de menuiserie métallique et serrurerie"
"43.32C";"43.32";"43.3";"43";"F";"F";"Agencement de lieux de vente"
"43.33Z";"43.33";"43.3";"43";"F";"F";"Travaux de revêtement des sols et des murs"
"43.34Z";"43.34";"43.3";"43";"F";"F";"Travaux de peinture et vitrerie"
"43.39Z";"43.39";"43.3";"43";"F";"F";"Autres travaux de finition"
"43.91A";"43.91";"43.9";"43";"F";"F";"Travaux de charpente"
"43.91B";"43.91";"43.9";"43";"F";"F";"Travaux de couverture par éléments"
"43.99A";"43.99";"43.9";"43";"F";"F";"Travaux d'étanchéification"
"43.99B";"43.99";"43.9";"43";"F";"F";"Travaux de montage de structures métalliques"
"43.99C";"43.99";"43.9";"43";"F";"F";"Travaux de maçonnerie générale et gros œuvre de bâtiment"
"43.99D";"43.99";"43.9";"43";"F";"F";"Autres travaux spécialisés de construction"
"43.99E";"43.99";"43.9";"43";"F";"F";"Location avec opérateur de matériel de construction"
"45.11Z";"45.11";"45.1";"45";"G45";"G";"Commerce de voitures et de véhicules automobiles légers"
"45.19Z";"45.19";"45.1";"45";"G45";"G";"Commerce d'autres véhicules automobiles"
"45.20A";"45.20";"45.2";"45";"G45";"G";"Entretien et réparation de véhicules automobiles légers"
"45.20B";"45.20";"45.2";"45";"G45";"G";"Entretien et réparation d'autres véhicules automobiles"
"45.31Z";"45.31";"45.3";"45";"G45";"G";"Commerce de gros d'équipements automobiles"
"45.32Z";"45.32";"45.3";"45";"G45";"G";"Commerce de détail d'équipements automobiles"
"45.40Z";"45.40";"45.4";"45";"G45";"G";"Commerce et réparation de motocycles"
"46.11Z";"46.11";"46.1";"46";"G46";"G";"Intermédiaires du commerce en matières premières agricoles, animaux vivants, matières premières textiles et pr…"
"46.12A";"46.12";"46.1";"46";"G46";"G";"Centrales d'achat de carburant"
"46.12B";"46.12";"46.1";"46";"G46";"G";"Autres intermédiaires du commerce en combustibles, métaux, minéraux et produits chimiques"
"46.13Z";"46.13";"46.1";"46";"G46";"G";"Intermédiaires du commerce en bois et matériaux de construction"
"46.14Z";"46.14";"46.1";"46";"G46";"G";"Intermédiaires du commerce en machines, équipements industriels, navires et avions"
"46.15Z";"46.15";"46.1";"46";"G46";"G";"Intermédiaires du commerce en meubles, articles de ménage et quincaillerie"
"46.16Z";"46.16";"46.1";"46";"G46";"G";"Intermédiaires du commerce en textiles, habillement, fourrures, chaussures et articles en cuir"
"46.17A";"46.17";"46.1";"46";"G46";"G";"Centrales d'achat alimentaires"
"46.17B";"46.17";"46.1";"46";"G46";"G";"Autres intermédiaires du commerce en denrées, boissons et tabac"
"46.18Z";"46.18";"46.1";"46";"G46";"G";"Intermédiaires spécialisés dans le commerce d'autres produits spécifiques"
"46.19A";"46.19";"46.1";"46";"G46";"G";"Centrales d'achat non alimentaires"
"46.19B";"46.19";"46.1";"46";"G46";"G";"Autres intermédiaires du commerce en produits divers"
"46.21Z";"46.21";"46.2";"46";"G46";"G";"Commerce de gros (commerce interentreprises) de céréales, de tabac non manufacturé, de semences et d'aliments …"
"46.22Z";"46.22";"46.2";"46";"G46";"G";"Commerce de gros (commerce interentreprises) de fleurs et plantes"
"46.23Z";"46.23";"46.2";"46";"G46";"G";"Commerce de gros (commerce interentreprises) d'animaux vivants"
"46.24Z";"46.24";"46.2";"46";"G46";"G";"Commerce de gros (commerce interentreprises) de cuirs et peaux"
"46.31Z";"46.31";"46.3";"46";"G46";"G";"Commerce de gros (commerce interentreprises) de fruits et légumes"
"46.32A";"46.32";"46.3";"46";"G46";"G";"Commerce de gros (commerce interentreprises) de viandes de boucherie"
"46.32B";"46.32";"46.3";"46";"G46";"G";"Commerce de gros (commerce interentreprises) de produits à base de viande"
"46.32C";"46.32";"46.3";"46";"G46";"G";"Commerce de gros (commerce interentreprises) de volailles et gibier"
"46.33Z";"46.33";"46.3";"46";"G46";"G";"Commerce de gros (commerce interentreprises) de produits laitiers, œufs, huiles et matières grasses comestibles"
"46.34Z";"46.34";"46.3";"46";"G46";"G";"Commerce de gros (commerce interentreprises) de boissons"
"46.35Z";"46.35";"46.3";"46";"G46";"G";"Commerce de gros (commerce interentreprises) de produits à base de tabac"
"46.36Z";"46.36";"46.3";"46";"G46";"G";"Commerce de gros (commerce interentreprises) de sucre, chocolat et confiserie"
"46.37Z";"46.37";"46.3";"46";"G46";"G";"Commerce de gros (commerce interentreprises) de café, thé, cacao et épices"
"46.38A";"46.38";"46.3";"46";"G46";"G";"Commerce de gros (commerce interentreprises) de poissons, crustacés et mollusques"
"46.38B";"46.38";"46.3";"46";"G46";"G";"Commerce de gros (commerce interentreprises) alimentaire spécialisé divers"
"46.39A";"46.39";"46.3";"46";"G46";"G";"Commerce de gros (commerce interentreprises) de produits surgelés"
"46.39B";"46.39";"46.3";"46";"G46";"G";"Commerce de gros (commerce interentreprises) alimentaire non spécialisé"
"46.41Z";"46.41";"46.4";"46";"G46";"G";"Commerce de gros (commerce interentreprises) de textiles"
"46.42Z";"46.42";"46.4";"46";"G46";"G";"Commerce de gros (commerce interentreprises) d'habillement et de chaussures"
"46.43Z";"46.43";"46.4";"46";"G46";"G";"Commerce de gros (commerce interentreprises) d'appareils électroménagers"
"46.44Z";"46.44";"46.4";"46";"G46";"G";"Commerce de gros (commerce interentreprises) de vaisselle, verrerie et produits d'entretien"
"46.45Z";"46.45";"46.4";"46";"G46";"G";"Commerce de gros (commerce interentreprises) de parfumerie et de produits de beauté"
"46.46Z";"46.46";"46.4";"46";"G46";"G";"Commerce de gros (commerce interentreprises) de produits pharmaceutiques"
"46.47Z";"46.47";"46.4";"46";"G46";"G";"Commerce de gros (commerce interentreprises) de meubles, de tapis et d'appareils d'éclairage"
"46.48Z";"46.48";"46.4";"46";"G46";"G";"Commerce de gros (commerce interentreprises) d'articles d'horlogerie et de bijouterie"
"46.49Z";"46.49";"46.4";"46";"G46";"G";"Commerce de gros (commerce interentreprises) d'autres biens domestiques"
"46.51Z";"46.51";"46.5";"46";"G46";"G";"Commerce de gros (commerce interentreprises) d'ordinateurs, d'équipements informatiques périphériques et de lo…"
"46.52Z";"46.52";"46.5";"46";"G46";"G";"Commerce de gros (commerce interentreprises) de composants et d'équipements électroniques et de télécommunicat…"
"46.61Z";"46.61";"46.6";"46";"G46";"G";"Commerce de gros (commerce interentreprises) de matériel agricole"
"46.62Z";"46.62";"46.6";"46";"G46";"G";"Commerce de gros (commerce interentreprises) de machines-outils"
"46.63Z";"46.63";"46.6";"46";"G46";"G";"Commerce de gros (commerce interentreprises) de machines pour l'extraction, la construction et le génie civil"
"46.64Z";"46.64";"46.6";"46";"G46";"G";"Commerce de gros (commerce interentreprises) de machines pour l'industrie textile et l'habillement"
"46.65Z";"46.65";"46.6";"46";"G46";"G";"Commerce de gros (commerce interentreprises) de mobilier de bureau"
"46.66Z";"46.66";"46.6";"46";"G46";"G";"Commerce de gros (commerce interentreprises) d'autres machines et équipements de bureau"
"46.69A";"46.69";"46.6";"46";"G46";"G";"Commerce de gros (commerce interentreprises) de matériel électrique"
"46.69B";"46.69";"46.6";"46";"G46";"G";"Commerce de gros (commerce interentreprises) de fournitures et équipements industriels divers"
"46.69C";"46.69";"46.6";"46";"G46";"G";"Commerce de gros (commerce interentreprises) de fournitures et équipements divers pour le commerce et les serv…"
"46.71Z";"46.71";"46.7";"46";"G46";"G";"Commerce de gros (commerce interentreprises) de combustibles et de produits annexes"
"46.72Z";"46.72";"46.7";"46";"G46";"G";"Commerce de gros (commerce interentreprises) de minerais et métaux"
"46.73A";"46.73";"46.7";"46";"G46";"G";"Commerce de gros (commerce interentreprises) de bois et de matériaux de construction"
"46.73B";"46.73";"46.7";"46";"G46";"G";"Commerce de gros (commerce interentreprises) d'appareils sanitaires et de produits de décoration"
"46.74A";"46.74";"46.7";"46";"G46";"G";"Commerce de gros (commerce interentreprises) de quincaillerie"
"46.74B";"46.74";"46.7";"46";"G46";"G";"Commerce de gros (commerce interentreprises) de fournitures pour la plomberie et le chauffage"
"46.75Z";"46.75";"46.7";"46";"G46";"G";"Commerce de gros (commerce interentreprises) de produits chimiques"
"46.76Z";"46.76";"46.7";"46";"G46";"G";"Commerce de gros (commerce interentreprises) d'autres produits intermédiaires"
"46.77Z";"46.77";"46.7";"46";"G46";"G";"Commerce de gros (commerce interentreprises) de déchets et débris"
"46.90Z";"46.90";"46.9";"46";"G46";"G";"Commerce de gros (commerce interentreprises) non spécialisé"
"47.11A";"47.11";"47.1";"47";"G47";"G";"Commerce de détail de produits surgelés"
"47.11B";"47.11";"47.1";"47";"G47";"G";"Commerce d'alimentation générale"
"47.11C";"47.11";"47.1";"47";"G47";"G";"Supérettes"
"47.11D";"47.11";"47.1";"47";"G47";"G";"Supermarchés"
"47.11E";"47.11";"47.1";"47";"G47";"G";"Magasins multi-commerces"
"47.11F";"47.11";"47.1";"47";"G47";"G";"Hypermarchés"
"47.19A";"47.19";"47.1";"47";"G47";"G";"Grands magasins"
"47.19B";"47.19";"47.1";"47";"G47";"G";"Autres commerces de détail en magasin non spécialisé"
"47.21Z";"47.21";"47.2";"47";"G47";"G";"Commerce de détail de fruits et légumes en magasin spécialisé"
"47.22Z";"47.22";"47.2";"47";"G47";"G";"Commerce de détail de viandes et de produits à base de viande en magasin spécialisé"
"47.23Z";"47.23";"47.2";"47";"G47";"G";"Commerce de détail de poissons, crustacés et mollusques en magasin spécialisé"
"47.24Z";"47.24";"47.2";"47";"G47";"G";"Commerce de détail de pain, pâtisserie et confiserie en magasin spécialisé"
"47.25Z";"47.25";"47.2";"47";"G47";"G";"Commerce de détail de boissons en magasin spécialisé"
"47.26Z";"47.26";"47.2";"47";"G47";"G";"Commerce de détail de produits à base de tabac en magasin spécialisé"
"47.29Z";"47.29";"47.2";"47";"G47";"G";"Autres commerces de détail alimentaires en magasin spécialisé"
"47.30Z";"47.30";"47.3";"47";"G47";"G";"Commerce de détail de carburants en magasin spécialisé"
"47.41Z";"47.41";"47.4";"47";"G47";"G";"Commerce de détail d'ordinateurs, d'unités périphériques et de logiciels en magasin spécialisé"
"47.42Z";"47.42";"47.4";"47";"G47";"G";"Commerce de détail de matériels de télécommunication en magasin spécialisé"
"47.43Z";"47.43";"47.4";"47";"G47";"G";"Commerce de détail de matériels audio et vidéo en magasin spécialisé"
"47.51Z";"47.51";"47.5";"47";"G47";"G";"Commerce de détail de textiles en magasin spécialisé"
"47.52A";"47.52";"47.5";"47";"G47";"G";"Commerce de détail de quincaillerie, peintures et verres en petites surfaces (moins de 400 m²)"
"47.52B";"47.52";"47.5";"47";"G47";"G";"Commerce de détail de quincaillerie, peintures et verres en grandes surfaces (400 m² et plus)"
"47.53Z";"47.53";"47.5";"47";"G47";"G";"Commerce de détail de tapis, moquettes et revêtements de murs et de sols en magasin spécialisé"
"47.54Z";"47.54";"47.5";"47";"G47";"G";"Commerce de détail d'appareils électroménagers en magasin spécialisé"
"47.59A";"47.59";"47.5";"47";"G47";"G";"Commerce de détail de meubles"
"47.59B";"47.59";"47.5";"47";"G47";"G";"Commerce de détail d'autres équipements du foyer"
"47.61Z";"47.61";"47.6";"47";"G47";"G";"Commerce de détail de livres en magasin spécialisé"
"47.62Z";"47.62";"47.6";"47";"G47";"G";"Commerce de détail de journaux et papeterie en magasin spécialisé"
"47.63Z";"47.63";"47.6";"47";"G47";"G";"Commerce de détail d'enregistrements musicaux et vidéo en magasin spécialisé"
"47.64Z";"47.64";"47.6";"47";"G47";"G";"Commerce de détail d'articles de sport en magasin spécialisé"
"47.65Z";"47.65";"47.6";"47";"G47";"G";"Commerce de détail de jeux et jouets en magasin spécialisé"
"47.71Z";"47.71";"47.7";"47";"G47";"G";"Commerce de détail d'habillement en magasin spécialisé"
"47.72A";"47.72";"47.7";"47";"G47";"G";"Commerce de détail de la chaussure"
"47.72B";"47.72";"47.7";"47";"G47";"G";"Commerce de détail de maroquinerie et d'articles de voyage"
"47.73Z";"47.73";"47.7";"47";"G47";"G";"Commerce de détail de produits pharmaceutiques en magasin spécialisé"
"47.74Z";"47.74";"47.7";"47";"G47";"G";"Commerce de détail d'articles médicaux et orthopédiques en magasin spécialisé"
"47.75Z";"47.75";"47.7";"47";"G47";"G";"Commerce de détail de parfumerie et de produits de beauté en magasin spécialisé"
"47.76Z";"47.76";"47.7";"47";"G47";"G";"Commerce de détail de fleurs, plantes, graines, engrais, animaux de compagnie et aliments pour ces animaux en …"
"47.77Z";"47.77";"47.7";"47";"G47";"G";"Commerce de détail d'articles d'horlogerie et de bijouterie en magasin spécialisé"
"47.78A";"47.78";"47.7";"47";"G47";"G";"Commerces de détail d'optique"
"47.78B";"47.78";"47.7";"47";"G47";"G";"Commerces de détail de charbons et combustibles"
"47.78C";"47.78";"47.7";"47";"G47";"G";"Autres commerces de détail spécialisés divers"
"47.79Z";"47.79";"47.7";"47";"G47";"G";"Commerce de détail de biens d'occasion en magasin"
"47.81Z";"47.81";"47.8";"47";"G47";"G";"Commerce de détail alimentaire sur éventaires et marchés"
"47.82Z";"47.82";"47.8";"47";"G47";"G";"Commerce de détail de textiles, d'habillement et de chaussures sur éventaires et marchés"
"47.89Z";"47.89";"47.8";"47";"G47";"G";"Autres commerces de détail sur éventaires et marchés"
"47.91A";"47.91";"47.9";"47";"G47";"G";"Vente à distance sur catalogue général"
"47.91B";"47.91";"47.9";"47";"G47";"G";"Vente à distance sur catalogue spécialisé"
"47.99A";"47.99";"47.9";"47";"G47";"G";"Vente à domicile"
"47.99B";"47.99";"47.9";"47";"G47";"G";"Vente par automates et autres commerces de détail hors magasin, éventaires ou marchés n.c.a."
"49.10Z";"49.10";"49.1";"49";"H49";"H";"Transport ferroviaire interurbain de voyageurs"
"49.20Z";"49.20";"49.2";"49";"H49";"H";"Transports ferroviaires de fret"
"49.31Z";"49.31";"49.3";"49";"H49";"H";"Transports urbains et suburbains de voyageurs"
"49.32Z";"49.32";"49.3";"49";"H49";"H";"Transports de voyageurs par taxis"
"49.39A";"49.39";"49.3";"49";"H49";"H";"Transports routiers réguliers de voyageurs"
"49.39B";"49.39";"49.3";"49";"H49";"H";"Autres transports routiers de voyageurs"
"49.39C";"49.39";"49.3";"49";"H49";"H";"Téléphériques et remontées mécaniques"
"49.41A";"49.41";"49.4";"49";"H49";"H";"Transports routiers de fret interurbains"
"49.41B";"49.41";"49.4";"49";"H49";"H";"Transports routiers de fret de proximité"
"49.41C";"49.41";"49.4";"49";"H49";"H";"Location de camions avec chauffeur"
"49.42Z";"49.42";"49.4";"49";"H49";"H";"Services de déménagement"
"49.50Z";"49.50";"49.5";"49";"H49";"H";"Transports par conduites"
"50.10Z";"50.10";"50.1";"50";"H50";"H";"Transports maritimes et côtiers de passagers"
"50.20Z";"50.20";"50.2";"50";"H50";"H";"Transports maritimes et côtiers de fret"
"50.30Z";"50.30";"50.3";"50";"H50";"H";"Transports fluviaux de passagers"
"50.40Z";"50.40";"50.4";"50";"H50";"H";"Transports fluviaux de fret"
"51.10Z";"51.10";"51.1";"51";"H51";"H";"Transports aériens de passagers"
"51.21Z";"51.21";"51.2";"51";"H51";"H";"Transports aériens de fret"
"51.22Z";"51.22";"51.2";"51";"H51";"H";"Transports spatiaux"
"52.10A";"52.10";"52.1";"52";"H52";"H";"Entreposage et stockage frigorifique"
"52.10B";"52.10";"52.1";"52";"H52";"H";"Entreposage et stockage non frigorifique"
"52.21Z";"52.21";"52.2";"52";"H52";"H";"Services auxiliaires des transports terrestres"
"52.22Z";"52.22";"52.2";"52";"H52";"H";"Services auxiliaires des transports par eau"
"52.23Z";"52.23";"52.2";"52";"H52";"H";"Services auxiliaires des transports aériens"
"52.24A";"52.24";"52.2";"52";"H52";"H";"Manutention portuaire"
"52.24B";"52.24";"52.2";"52";"H52";"H";"Manutention non portuaire"
"52.29A";"52.29";"52.2";"52";"H52";"H";"Messagerie, fret express"
"52.29B";"52.29";"52.2";"52";"H52";"H";"Affrètement et organisation des transports"
"53.10Z";"53.10";"53.1";"53";"H53";"H";"Activités de poste dans le cadre d'une obligation de service universel"
"53.20Z";"53.20";"53.2";"53";"H53";"H";"Autres activités de poste et de courrier"
"55.10Z";"55.10";"55.1";"55";"I";"I";"Hôtels et hébergement similaire"
"55.20Z";"55.20";"55.2";"55";"I";"I";"Hébergement touristique et autre hébergement de courte durée"
"55.30Z";"55.30";"55.3";"55";"I";"I";"Terrains de camping et parcs pour caravanes ou véhicules de loisirs"
"55.90Z";"55.90";"55.9";"55";"I";"I";"Autres hébergements"
"56.10A";"56.10";"56.1";"56";"I";"I";"Restauration traditionnelle"
"56.10B";"56.10";"56.1";"56";"I";"I";"Cafétérias et autres libres-services"
"56.10C";"56.10";"56.1";"56";"I";"I";"Restauration de type rapide"
"56.21Z";"56.21";"56.2";"56";"I";"I";"Services des traiteurs"
"56.29A";"56.29";"56.2";"56";"I";"I";"Restauration collective sous contrat"
"56.29B";"56.29";"56.2";"56";"I";"I";"Autres services de restauration n.c.a."
"56.30Z";"56.30";"56.3";"56";"I";"I";"Débits de boissons"
"58.11Z";"58.11";"58.1";"58";"J58";"J";"Édition de livres"
"58.12Z";"58.12";"58.1";"58";"J58";"J";"Édition de répertoires et de fichiers d'adresses"
"58.13Z";"58.13";"58.1";"58";"J58";"J";"Édition de journaux"
"58.14Z";"58.14";"58.1";"58";"J58";"J";"Édition de revues et périodiques"
"58.19Z";"58.19";"58.1";"58";"J58";"J";"Autres activités d'édition"
"58.21Z";"58.21";"58.2";"58";"J58";"J";"Édition de jeux électroniques"
"58.29A";"58.29";"58.2";"58";"J58";"J";"Édition de logiciels système et de réseau"
"58.29B";"58.29";"58.2";"58";"J58";"J";"Édition de logiciels outils de développement et de langages"
"58.29C";"58.29";"58.2";"58";"J58";"J";"Édition de logiciels applicatifs"
"59.11A";"59.11";"59.1";"59";"J59_60";"J";"Production de films et de programmes pour la télévision"
"59.11B";"59.11";"59.1";"59";"J59_60";"J";"Production de films institutionnels et publicitaires"
"59.11C";"59.11";"59.1";"59";"J59_60";"J";"Production de films pour le cinéma"
"59.12Z";"59.12";"59.1";"59";"J59_60";"J";"Post-production de films cinématographiques, de vidéo et de programmes de télévision"
"59.13A";"59.13";"59.1";"59";"J59_60";"J";"Distribution de films cinématographiques"
"59.13B";"59.13";"59.1";"59";"J59_60";"J";"Édition et distribution vidéo"
"59.14Z";"59.14";"59.1";"59";"J59_60";"J";"Projection de films cinématographiques"
"59.20Z";"59.20";"59.2";"59";"J59_60";"J";"Enregistrement sonore et édition musicale"
"60.10Z";"60.10";"60.1";"60";"J59_60";"J";"Édition et diffusion de programmes radio"
"60.20A";"60.20";"60.2";"60";"J59_60";"J";"Édition de chaînes généralistes"
"60.20B";"60.20";"60.2";"60";"J59_60";"J";"Édition de chaînes thématiques"
"61.10Z";"61.10";"61.1";"61";"J61";"J";"Télécommunications filaires"
"61.20Z";"61.20";"61.2";"61";"J61";"J";"Télécommunications sans fil"
"61.30Z";"61.30";"61.3";"61";"J61";"J";"Télécommunications par satellite"
"61.90Z";"61.90";"61.9";"61";"J61";"J";"Autres activités de télécommunication"
"62.01Z";"62.01";"62.0";"62";"J62_63";"J";"Programmation informatique"
"62.02A";"62.02";"62.0";"62";"J62_63";"J";"Conseil en systèmes et logiciels informatiques"
"62.02B";"62.02";"62.0";"62";"J62_63";"J";"Tierce maintenance de systèmes et d'applications informatiques"
"62.03Z";"62.03";"62.0";"62";"J62_63";"J";"Gestion d'installations informatiques"
"62.09Z";"62.09";"62.0";"62";"J62_63";"J";"Autres activités informatiques"
"63.11Z";"63.11";"63.1";"63";"J62_63";"J";"Traitement de données, hébergement et activités connexes"
"63.12Z";"63.12";"63.1";"63";"J62_63";"J";"Portails Internet"
"63.91Z";"63.91";"63.9";"63";"J62_63";"J";"Activités des agences de presse"
"63.99Z";"63.99";"63.9";"63";"J62_63";"J";"Autres services d'information n.c.a."
"64.11Z";"64.11";"64.1";"64";"K64";"K";"Activités de banque centrale"
"64.19Z";"64.19";"64.1";"64";"K64";"K";"Autres intermédiations monétaires"
"64.20Z";"64.20";"64.2";"64";"K64";"K";"Activités des sociétés holding"
"64.30Z";"64.30";"64.3";"64";"K64";"K";"Fonds de placement et entités financières similaires"
"64.91Z";"64.91";"64.9";"64";"K64";"K";"Crédit-bail"
"64.92Z";"64.92";"64.9";"64";"K64";"K";"Autre distribution de crédit"
"64.99Z";"64.99";"64.9";"64";"K64";"K";"Autres activités des services financiers, hors assurance et caisses de retraite, n.c.a."
"65.11Z";"65.11";"65.1";"65";"K65";"K";"Assurance vie"
"65.12Z";"65.12";"65.1";"65";"K65";"K";"Autres assurances"
"65.20Z";"65.20";"65.2";"65";"K65";"K";"Réassurance"
"65.30Z";"65.30";"65.3";"65";"K65";"K";"Caisses de retraite"
"66.11Z";"66.11";"66.1";"66";"K66";"K";"Administration de marchés financiers"
"66.12Z";"66.12";"66.1";"66";"K66";"K";"Courtage de valeurs mobilières et de marchandises"
"66.19A";"66.19";"66.1";"66";"K66";"K";"Supports juridiques de gestion de patrimoine mobilier"
"66.19B";"66.19";"66.1";"66";"K66";"K";"Autres activités auxiliaires de services financiers, hors assurance et caisses de retraite, n.c.a."
"66.21Z";"66.21";"66.2";"66";"K66";"K";"Évaluation des risques et dommages"
"66.22Z";"66.22";"66.2";"66";"K66";"K";"Activités des agents et courtiers d'assurances"
"66.29Z";"66.29";"66.2";"66";"K66";"K";"Autres activités auxiliaires d'assurance et de caisses de retraite"
"66.30Z";"66.30";"66.3";"66";"K66";"K";"Gestion de fonds"
"68.10Z";"68.10";"68.1";"68";"L";"L";"Activités des marchands de biens immobiliers"
"68.20A";"68.20";"68.2";"68";"L";"L";"Location de logements"
"68.20B";"68.20";"68.2";"68";"L";"L";"Location de terrains et d'autres biens immobiliers"
"68.31Z";"68.31";"68.3";"68";"L";"L";"Agences immobilières"
"68.32A";"68.32";"68.3";"68";"L";"L";"Administration d'immeubles et autres biens immobiliers"
"68.32B";"68.32";"68.3";"68";"L";"L";"Supports juridiques de gestion de patrimoine immobilier"
"69.10Z";"69.10";"69.1";"69";"M69_70";"M";"Activités juridiques"
"69.20Z";"69.20";"69.2";"69";"M69_70";"M";"Activités comptables"
"70.10Z";"70.10";"70.1";"70";"M69_70";"M";"Activités des sièges sociaux"
"70.21Z";"70.21";"70.2";"70";"M69_70";"M";"Conseil en relations publiques et communication"
"70.22Z";"70.22";"70.2";"70";"M69_70";"M";"Conseil pour les affaires et autres conseils de gestion"
"71.11Z";"71.11";"71.1";"71";"M71";"M";"Activités d'architecture"
"71.12A";"71.12";"71.1";"71";"M71";"M";"Activité des géomètres"
"71.12B";"71.12";"71.1";"71";"M71";"M";"Ingénierie, études techniques"
"71.20A";"71.20";"71.2";"71";"M71";"M";"Contrôle technique automobile"
"71.20B";"71.20";"71.2";"71";"M71";"M";"Analyses, essais et inspections techniques"
"72.11Z";"72.11";"72.1";"72";"M72";"M";"Recherche-développement en biotechnologie"
"72.19Z";"72.19";"72.1";"72";"M72";"M";"Recherche-développement en autres sciences physiques et naturelles"
"72.20Z";"72.20";"72.2";"72";"M72";"M";"Recherche-développement en sciences humaines et sociales"
"73.11Z";"73.11";"73.1";"73";"M73";"M";"Activités des agences de publicité"
"73.12Z";"73.12";"73.1";"73";"M73";"M";"Régie publicitaire de médias"
"73.20Z";"73.20";"73.2";"73";"M73";"M";"Études de marché et sondages"
"74.10Z";"74.10";"74.1";"74";"M74_75";"M";"Activités spécialisées de design"
"74.20Z";"74.20";"74.2";"74";"M74_75";"M";"Activités photographiques"
"74.30Z";"74.30";"74.3";"74";"M74_75";"M";"Traduction et interprétation"
"74.90A";"74.90";"74.9";"74";"M74_75";"M";"Activité des économistes de la construction"
"74.90B";"74.90";"74.9";"74";"M74_75";"M";"Activités spécialisées, scientifiques et techniques diverses"
"75.00Z";"75.00";"75.0";"75";"M74_75";"M";"Activités vétérinaires"
"77.11A";"77.11";"77.1";"77";"N77";"N";"Location de courte durée de voitures et de véhicules automobiles légers"
"77.11B";"77.11";"77.1";"77";"N77";"N";"Location de longue durée de voitures et de véhicules automobiles légers"
"77.12Z";"77.12";"77.1";"77";"N77";"N";"Location et location-bail de camions"
"77.21Z";"77.21";"77.2";"77";"N77";"N";"Location et location-bail d'articles de loisirs et de sport"
"77.22Z";"77.22";"77.2";"77";"N77";"N";"Location de vidéocassettes et disques vidéo"
"77.29Z";"77.29";"77.2";"77";"N77";"N";"Location et location-bail d'autres biens personnels et domestiques"
"77.31Z";"77.31";"77.3";"77";"N77";"N";"Location et location-bail de machines et équipements agricoles"
"77.32Z";"77.32";"77.3";"77";"N77";"N";"Location et location-bail de machines et équipements pour la construction"
"77.33Z";"77.33";"77.3";"77";"N77";"N";"Location et location-bail de machines de bureau et de matériel informatique"
"77.34Z";"77.34";"77.3";"77";"N77";"N";"Location et location-bail de matériels de transport par eau"
"77.35Z";"77.35";"77.3";"77";"N77";"N";"Location et location-bail de matériels de transport aérien"
"77.39Z";"77.39";"77.3";"77";"N77";"N";"Location et location-bail d'autres machines, équipements et biens matériels n.c.a."
"77.40Z";"77.40";"77.4";"77";"N77";"N";"Location-bail de propriété intellectuelle et de produits similaires, à l'exception des œuvres soumises à copyr…"
"78.10Z";"78.10";"78.1";"78";"N78";"N";"Activités des agences de placement de main-d'œuvre"
"78.20Z";"78.20";"78.2";"78";"N78";"N";"Activités des agences de travail temporaire"
"78.30Z";"78.30";"78.3";"78";"N78";"N";"Autre mise à disposition de ressources humaines"
"79.11Z";"79.11";"79.1";"79";"N79";"N";"Activités des agences de voyage"
"79.12Z";"79.12";"79.1";"79";"N79";"N";"Activités des voyagistes"
"79.90Z";"79.90";"79.9";"79";"N79";"N";"Autres services de réservation et activités connexes"
"80.10Z";"80.10";"80.1";"80";"N80T82";"N";"Activités de sécurité privée"
"80.20Z";"80.20";"80.2";"80";"N80T82";"N";"Activités liées aux systèmes de sécurité"
"80.30Z";"80.30";"80.3";"80";"N80T82";"N";"Activités d'enquête"
"81.10Z";"81.10";"81.1";"81";"N80T82";"N";"Activités combinées de soutien lié aux bâtiments"
"81.21Z";"81.21";"81.2";"81";"N80T82";"N";"Nettoyage courant des bâtiments"
"81.22Z";"81.22";"81.2";"81";"N80T82";"N";"Autres activités de nettoyage des bâtiments et nettoyage industriel"
"81.29A";"81.29";"81.2";"81";"N80T82";"N";"Désinfection, désinsectisation, dératisation"
"81.29B";"81.29";"81.2";"81";"N80T82";"N";"Autres activités de nettoyage n.c.a."
"81.30Z";"81.30";"81.3";"81";"N80T82";"N";"Services d'aménagement paysager"
"82.11Z";"82.11";"82.1";"82";"N80T82";"N";"Services administratifs combinés de bureau"
"82.19Z";"82.19";"82.1";"82";"N80T82";"N";"Photocopie, préparation de documents et autres activités spécialisées de soutien de bureau"
"82.20Z";"82.20";"82.2";"82";"N80T82";"N";"Activités de centres d'appels"
"82.30Z";"82.30";"82.3";"82";"N80T82";"N";"Organisation de foires, salons professionnels et congrès"
"82.91Z";"82.91";"82.9";"82";"N80T82";"N";"Activités des agences de recouvrement de factures et des sociétés d'information financière sur la clientèle"
"82.92Z";"82.92";"82.9";"82";"N80T82";"N";"Activités de conditionnement"
"82.99Z";"82.99";"82.9";"82";"N80T82";"N";"Autres activités de soutien aux entreprises n.c.a."
"84.11Z";"84.11";"84.1";"84";"O84";"O";"Administration publique générale"
"84.12Z";"84.12";"84.1";"84";"O84";"O";"Administration publique (tutelle) de la santé, de la formation, de la culture et des services sociaux, autre q…"
"84.13Z";"84.13";"84.1";"84";"O84";"O";"Administration publique (tutelle) des activités économiques"
"84.21Z";"84.21";"84.2";"84";"O84";"O";"Affaires étrangères"
"84.22Z";"84.22";"84.2";"84";"O84";"O";"Défense"
"84.23Z";"84.23";"84.2";"84";"O84";"O";"Justice"
"84.24Z";"84.24";"84.2";"84";"O84";"O";"Activités d'ordre public et de sécurité"
"84.25Z";"84.25";"84.2";"84";"O84";"O";"Services du feu et de secours"
"84.30A";"84.30";"84.3";"84";"O84";"O";"Activités générales de sécurité sociale"
"84.30B";"84.30";"84.3";"84";"O84";"O";"Gestion des retraites complémentaires"
"84.30C";"84.30";"84.3";"84";"O84";"O";"Distribution sociale de revenus"
"85.10Z";"85.10";"85.1";"85";"P85";"P";"Enseignement pré-primaire"
"85.20Z";"85.20";"85.2";"85";"P85";"P";"Enseignement primaire"
"85.31Z";"85.31";"85.3";"85";"P85";"P";"Enseignement secondaire général"
"85.32Z";"85.32";"85.3";"85";"P85";"P";"Enseignement secondaire technique ou professionnel"
"85.41Z";"85.41";"85.4";"85";"P85";"P";"Enseignement post-secondaire non supérieur"
"85.42Z";"85.42";"85.4";"85";"P85";"P";"Enseignement supérieur"
"85.51Z";"85.51";"85.5";"85";"P85";"P";"Enseignement de disciplines sportives et d'activités de loisirs"
"85.52Z";"85.52";"85.5";"85";"P85";"P";"Enseignement culturel"
"85.53Z";"85.53";"85.5";"85";"P85";"P";"Enseignement de la conduite"
"85.59A";"85.59";"85.5";"85";"P85";"P";"Formation continue d'adultes"
"85.59B";"85.59";"85.5";"85";"P85";"P";"Autres enseignements"
"85.60Z";"85.60";"85.6";"85";"P85";"P";"Activités de soutien à l'enseignement"
"86.10Z";"86.10";"86.1";"86";"Q86";"Q";"Activités hospitalières"
"86.21Z";"86.21";"86.2";"86";"Q86";"Q";"Activité des médecins généralistes"
"86.22A";"86.22";"86.2";"86";"Q86";"Q";"Activités de radiodiagnostic et de radiothérapie"
"86.22B";"86.22";"86.2";"86";"Q86";"Q";"Activités chirurgicales"
"86.22C";"86.22";"86.2";"86";"Q86";"Q";"Autres activités des médecins spécialistes"
"86.23Z";"86.23";"86.2";"86";"Q86";"Q";"Pratique dentaire"
"86.90A";"86.90";"86.9";"86";"Q86";"Q";"Ambulances"
"86.90B";"86.90";"86.9";"86";"Q86";"Q";"Laboratoires d'analyses médicales"
"86.90C";"86.90";"86.9";"86";"Q86";"Q";"Centres de collecte et banques d'organes"
"86.90D";"86.90";"86.9";"86";"Q86";"Q";"Activités des infirmiers et des sages-femmes"
"86.90E";"86.90";"86.9";"86";"Q86";"Q";"Activités des professionnels de la rééducation, de l'appareillage et des pédicures-podologues"
"86.90F";"86.90";"86.9";"86";"Q86";"Q";"Activités de santé humaine non classées ailleurs"
"87.10A";"87.10";"87.1";"87";"Q87_88";"Q";"Hébergement médicalisé pour personnes âgées"
"87.10B";"87.10";"87.1";"87";"Q87_88";"Q";"Hébergement médicalisé pour enfants handicapés"
"87.10C";"87.10";"87.1";"87";"Q87_88";"Q";"Hébergement médicalisé pour adultes handicapés et autre hébergement médicalisé"
"87.20A";"87.20";"87.2";"87";"Q87_88";"Q";"Hébergement social pour handicapés mentaux et malades mentaux"
"87.20B";"87.20";"87.2";"87";"Q87_88";"Q";"Hébergement social pour toxicomanes"
"87.30A";"87.30";"87.3";"87";"Q87_88";"Q";"Hébergement social pour personnes âgées"
"87.30B";"87.30";"87.3";"87";"Q87_88";"Q";"Hébergement social pour handicapés physiques"
"87.90A";"87.90";"87.9";"87";"Q87_88";"Q";"Hébergement social pour enfants en difficultés"
"87.90B";"87.90";"87.9";"87";"Q87_88";"Q";"Hébergement social pour adultes et familles en difficultés et autre hébergement social"
"88.10A";"88.10";"88.1";"88";"Q87_88";"Q";"Aide à domicile"
"88.10B";"88.10";"88.1";"88";"Q87_88";"Q";"Accueil ou accompagnement sans hébergement d'adultes handicapés ou de personnes âgées"
"88.10C";"88.10";"88.1";"88";"Q87_88";"Q";"Aide par le travail"
"88.91A";"88.91";"88.9";"88";"Q87_88";"Q";"Accueil de jeunes enfants"
"88.91B";"88.91";"88.9";"88";"Q87_88";"Q";"Accueil ou accompagnement sans hébergement d'enfants handicapés"
"88.99A";"88.99";"88.9";"88";"Q87_88";"Q";"Autre accueil ou accompagnement sans hébergement d'enfants et d'adolescents"
"88.99B";"88.99";"88.9";"88";"Q87_88";"Q";"Action sociale sans hébergement n.c.a."
"90.01Z";"90.01";"90.0";"90";"R90T92";"R";"Arts du spectacle vivant"
"90.02Z";"90.02";"90.0";"90";"R90T92";"R";"Activités de soutien au spectacle vivant"
"90.03A";"90.03";"90.0";"90";"R90T92";"R";"Création artistique relevant des arts plastiques"
"90.03B";"90.03";"90.0";"90";"R90T92";"R";"Autre création artistique"
"90.04Z";"90.04";"90.0";"90";"R90T92";"R";"Gestion de salles de spectacles"
"91.01Z";"91.01";"91.0";"91";"R90T92";"R";"Gestion des bibliothèques et des archives"
"91.02Z";"91.02";"91.0";"91";"R90T92";"R";"Gestion des musées"
"91.03Z";"91.03";"91.0";"91";"R90T92";"R";"Gestion des sites et monuments historiques et des attractions touristiques similaires"
"91.04Z";"91.04";"91.0";"91";"R90T92";"R";"Gestion des jardins botaniques et zoologiques et des réserves naturelles"
"92.00Z";"92.00";"92.0";"92";"R90T92";"R";"Organisation de jeux de hasard et d'argent"
"93.11Z";"93.11";"93.1";"93";"R93";"R";"Gestion d'installations sportives"
"93.12Z";"93.12";"93.1";"93";"R93";"R";"Activités de clubs de sports"
"93.13Z";"93.13";"93.1";"93";"R93";"R";"Activités des centres de culture physique"
"93.19Z";"93.19";"93.1";"93";"R93";"R";"Autres activités liées au sport"
"93.21Z";"93.21";"93.2";"93";"R93";"R";"Activités des parcs d'attractions et parcs à thèmes"
"93.29Z";"93.29";"93.2";"93";"R93";"R";"Autres activités récréatives et de loisirs"
"94.11Z";"94.11";"94.1";"94";"S94";"S";"Activités des organisations patronales et consulaires"
"94.12Z";"94.12";"94.1";"94";"S94";"S";"Activités des organisations professionnelles"
"94.20Z";"94.20";"94.2";"94";"S94";"S";"Activités des syndicats de salariés"
"94.91Z";"94.91";"94.9";"94";"S94";"S";"Activités des organisations religieuses"
"94.92Z";"94.92";"94.9";"94";"S94";"S";"Activités des organisations politiques"
"94.99Z";"94.99";"94.9";"94";"S94";"S";"Autres organisations fonctionnant par adhésion volontaire"
"95.11Z";"95.11";"95.1";"95";"S95";"S";"Réparation d'ordinateurs et d'équipements périphériques"
"95.12Z";"95.12";"95.1";"95";"S95";"S";"Réparation d'équipements de communication"
"95.21Z";"95.21";"95.2";"95";"S95";"S";"Réparation de produits électroniques grand public"
"95.22Z";"95.22";"95.2";"95";"S95";"S";"Réparation d'appareils électroménagers et d'équipements pour la maison et le jardin"
"95.23Z";"95.23";"95.2";"95";"S95";"S";"Réparation de chaussures et d'articles en cuir"
"95.24Z";"95.24";"95.2";"95";"S95";"S";"Réparation de meubles et d'équipements du foyer"
"95.25Z";"95.25";"95.2";"95";"S95";"S";"Réparation d'articles d'horlogerie et de bijouterie"
"95.29Z";"95.29";"95.2";"95";"S95";"S";"Réparation d'autres biens personnels et domestiques"
"96.01A";"96.01";"96.0";"96";"S96";"S";"Blanchisserie-teinturerie de gros"
"96.01B";"96.01";"96.0";"96";"S96";"S";"Blanchisserie-teinturerie de détail"
"96.02A";"96.02";"96.0";"96";"S96";"S";"Coiffure"
"96.02B";"96.02";"96.0";"96";"S96";"S";"Soins de beauté"
"96.03Z";"96.03";"96.0";"96";"S96";"S";"Services funéraires"
"96.04Z";"96.04";"96.0";"96";"S96";"S";"Entretien corporel"
"96.09Z";"96.09";"96.0";"96";"S96";"S";"Autres services personnels n.c.a."
"97.00Z";"97.00";"97.0";"97";"T";"T";"Activités des ménages en tant qu'employeurs de personnel domestique"
"98.10Z";"98.10";"98.1";"98";"T";"T";"Activités indifférenciées des ménages en tant que producteurs de biens pour usage propre"
"98.20Z";"98.20";"98.2";"98";"T";"T";"Activités indifférenciées des ménages en tant que producteurs de services pour usage propre"
"99.00Z";"99.00";"99.0";"99";"U";"U";"Activités des organisations et organismes extraterritoriaux"